dauid,remainder_claims
59010124,1
59010128,1
59010129,1
59010131,1
59010132,1
59010133,1
59010140,1
59010142,1
59010143,1
59010149,1
59010150,1
59010151,1
59010152,1
59010154,1
59010155,2
59010156,1
59010157,1
59010158,2
59010161,1
59010164,3
59010168,1
59010169,2
59010172,1
59010175,3
59010176,2
59010177,1
59010178,1
59010179,1
59010183,2
59010184,1
59010186,2
59010187,1
59010188,1
59010189,1
59010190,2
59010191,2
59010192,3
59010193,1
59010194,1
59010195,1
59010196,1
59010198,5
59010204,1
59010206,2
59010207,2
59010208,1
59010211,1
59010213,1
59010218,1
59010219,1
59010220,1
59010222,1
59010223,2
59010228,1
59010229,1
59010232,1
59010234,1
59010245,1
59010258,1
59010260,1
59010269,1
59030131,1
59030139,3
59030140,2
59030145,1
59030146,1
59030147,3
59030148,2
59030149,3
59030150,3
59030151,1
59030153,1
59030154,3
59030156,1
59030160,1
59030161,1
59030164,1
59030170,1
59030175,1
59030178,1
59030179,1
59030180,2
59030182,1
59030183,2
59030184,1
59030187,1
59030188,1
59030189,1
59030190,1
59030191,1
59030196,1
59030199,1
59030200,1
59030202,1
59030204,3
59030207,2
59030208,1
59030209,2
59030210,4
59030213,1
59030214,1
59030215,1
59030216,3
59030220,1
59030222,1
59030223,1
59030224,1
59030226,1
59030231,1
59030237,1
59030238,1
59030247,1
59030249,2
59050065,1
59050066,3
59050067,1
59050068,2
59050069,1
59050070,1
59050071,3
59050072,3
59050076,1
59050077,1
59050081,1
59050086,1
59050094,2
59050095,1
59050097,1
59050098,1
59050102,1
59050110,1
59050111,1
59050113,2
59050115,1
59050118,1
59070139,1
59070141,1
59070142,3
59070145,1
59070151,2
59070152,2
59070153,1
59070157,1
59070160,1
59070161,2
59070162,2
59070164,1
59070168,1
59070170,1
59070171,1
59070173,2
59070174,2
59070175,1
59070181,1
59070187,2
59070189,3
59070190,1
59070191,3
59070194,1
59070195,3
59070196,1
59070197,3
59070198,1
59070199,2
59070202,1
59070203,2
59070204,1
59070208,1
59070210,2
59070211,3
59070212,5
59070213,2
59070214,2
59070216,1
59070217,2
59070218,3
59070219,2
59070220,2
59070221,2
59070222,1
59070223,1
59070227,2
59070228,3
59070229,1
59070232,3
59070234,1
59070235,1
59070236,2
59070237,4
59070238,3
59070239,1
59070241,2
59070242,2
59070243,1
59070244,2
59070245,2
59070246,4
59070247,3
59070248,1
59070249,2
59070250,2
59070252,2
59070253,2
59070255,1
59070256,3
59070258,2
59070260,2
59070261,3
59070264,1
59070266,4
59070267,1
59070269,3
59070270,5
59070273,1
59070274,3
59070276,1
59070279,2
59070281,1
59070283,1
59070284,1
59070285,1
59070286,1
59070287,1
59070288,3
59070289,3
59070291,1
59070293,2
59070294,2
59070297,1
59070298,1
59070303,1
59070308,1
59070315,3
59070318,1
59090049,4
59090051,2
59090054,2
59090055,3
59090057,2
59090058,1
59090061,3
59090062,1
59090064,2
59090065,2
59090066,2
59090068,2
59090069,2
59090072,2
59090073,3
59090074,2
59090075,3
59090078,1
59090082,2
59090083,1
59090084,4
59090086,1
59090087,4
59090088,3
59090089,3
59090090,2
59090091,1
59090092,4
59090094,4
59090095,3
59090096,2
59090097,1
59090098,3
59090099,1
59090100,2
59090101,2
59090102,1
59090103,5
59090104,1
59090105,1
59090106,2
59090108,2
59090109,3
59090110,4
59090111,4
59090112,1
59090115,1
59090116,1
59090121,1
59090122,1
59090123,2
59090126,2
59090127,1
59090128,5
59090131,3
59090134,2
59090135,2
59090136,1
59090137,3
59090140,3
59090141,1
59090145,1
59090146,1
59090148,1
59090149,1
59090150,3
59090151,2
59090152,1
59090153,1
59090154,2
59090156,1
59090157,4
59090158,4
59090159,2
59090165,1
59090166,1
59090169,2
59090170,2
59090171,5
59090172,2
59090374,1
59090375,1
59090376,1
59090378,2
59090379,1
59090380,3
59090382,2
59090383,1
59090384,2
59090385,1
59090386,5
59090387,3
59090388,3
59090390,4
59090391,1
59090392,3
59090393,1
59090394,3
59090395,4
59090396,1
59090400,2
59090401,3
59090402,3
59090403,2
59090404,1
59090424,1
59090425,3
59090428,1
59090429,4
59090439,4
59090444,5
59090446,2
59090447,1
59090451,1
59090464,2
59090466,1
59090467,1
59090468,2
59090469,2
59090471,2
59090472,2
59090473,1
59090474,1
59090475,1
59090476,4
59090478,3
59090479,3
59090480,1
59090482,2
59090483,2
59090484,1
59090485,3
59090488,1
59090489,3
59090490,2
59090491,4
59090492,2
59090493,1
59090494,1
59090495,1
59090496,1
59090497,2
59090498,2
59090499,3
59090500,3
59090501,2
59090502,2
59090503,2
59090504,1
59090505,3
59090506,2
59090507,2
59090509,1
59090510,4
59090514,1
59090515,2
59090516,1
59090517,2
59090518,2
59090520,1
59090524,1
59090526,2
59090530,3
59090531,1
59090532,1
59090533,3
59090534,1
59090535,1
59090536,1
59090537,1
59090538,1
59090539,3
59090540,2
59090542,3
59090543,2
59090544,1
59090545,3
59090547,1
59090550,1
59090551,3
59090552,4
59090553,4
59090554,2
59090555,3
59090556,2
59090557,2
59090559,4
59090564,1
59090565,1
59090566,2
59090567,2
59090569,2
59090570,1
59090571,3
59090578,1
59090579,2
59090580,1
59090581,5
59090582,1
59090583,2
59090585,2
59090586,3
59090591,2
59090593,5
59090596,1
59090597,2
59090603,1
59090605,2
59090606,2
59090607,2
59090609,1
59090610,2
59090612,1
59090613,1
59090614,1
59090615,1
59090636,1
59090637,1
59090638,1
59090645,4
59090646,2
59090649,2
59090650,1
59090655,1
59090660,1
59090661,1
59090662,2
59090664,1
59090665,1
59090666,1
59090670,4
59090671,2
59090680,5
59090681,2
59090682,5
59090683,1
59090684,1
59090689,2
59090690,2
59090691,3
59090692,2
59090696,1
59090700,1
59090701,1
59090702,5
59090703,1
59090704,2
59090707,3
59090708,4
59090709,1
59090710,1
59090713,3
59090714,2
59090716,1
59090717,1
59090719,3
59090721,2
59090723,1
59090727,1
59090734,1
59090735,2
59090736,2
59090738,4
59090739,1
59090740,1
59090742,1
59090743,2
59090745,3
59090746,3
59090747,3
59090748,1
59090749,2
59090750,1
59090751,4
59090752,1
59090753,2
59090754,4
59090755,2
59090757,3
59090758,2
59090759,4
59090760,1
59090761,2
59090765,2
59090768,4
59090780,1
59090781,1
59090782,2
59090783,4
59090786,2
59090787,3
59090792,4
59090793,4
59090799,1
59090803,1
59090812,1
59090816,3
59090819,1
59090820,2
59090821,1
59090824,3
59090825,4
59090826,1
59090829,1
59090830,3
59090831,1
59090832,1
59090834,2
59090838,1
59090839,2
59090845,2
59090846,1
59090847,3
59090848,2
59090850,2
59090852,3
59090854,2
59090856,3
59090857,2
59090859,4
59090861,1
59090865,1
59090868,1
59090872,1
59090874,2
59090875,2
59090884,2
59090885,3
59090888,1
59090891,4
59090892,1
59090893,1
59090894,1
59090895,1
59090896,1
59090897,1
59090902,2
59090904,4
59090905,2
59090906,3
59090907,2
59090908,1
59090909,2
59090910,1
59090911,1
59090912,2
59090917,1
59090918,2
59090919,4
59090920,1
59090922,5
59090923,1
59090924,1
59090925,1
59090927,1
59090928,1
59090929,3
59090930,3
59090931,1
59090939,1
59090941,1
59090942,1
59090944,1
59090945,1
59090946,3
59090947,1
59090949,2
59090955,3
59090956,2
59090959,3
59090961,1
59090963,1
59090964,1
59090965,1
59090966,1
59090967,2
59090968,2
59090972,2
59090973,2
59090975,1
59090976,2
59090978,1
59090981,1
59150004,2
59150005,1
59150008,1
59150009,1
59150010,2
59150012,3
59150013,1
59150014,1
59150016,1
59150018,3
59150020,1
59150023,2
59150024,1
59150025,1
59150027,1
59150028,1
59150029,1
59150030,2
59150031,2
59150032,2
59150034,2
59150036,3
59150037,2
59150038,1
59150039,4
59150040,1
59150041,5
59150042,2
59150043,1
59150044,2
59150045,2
59150046,1
59150047,2
59150048,4
59150049,1
59150050,4
59150051,3
59150053,1
59150054,2
59150055,2
59150056,3
59150059,2
59150064,2
59150067,1
59150069,3
59150071,1
59150072,3
59150073,2
59150076,3
59150077,1
59150078,1
59150079,1
59150080,1
59150081,5
59150082,3
59150083,5
59150084,4
59150085,3
59150086,2
59150087,2
59150088,4
59150089,1
59150090,2
59150091,2
59150092,2
59150093,2
59150094,1
59150095,2
59150096,1
59150098,1
59150099,1
59150101,1
59150102,1
59150103,2
59150105,1
59150106,3
59150108,2
59150109,3
59150110,3
59150112,1
59150113,3
59150115,2
59150117,4
59150119,3
59150120,2
59150121,1
59150122,3
59150123,4
59150124,2
59150126,3
59150127,2
59150129,1
59150132,2
59150134,2
59150135,2
59150136,1
59150137,2
59150140,1
59150141,4
59150142,1
59150143,2
59150145,1
59150147,2
59150148,4
59150152,1
59150153,3
59150157,1
59150158,2
59150159,3
59150160,3
59150161,2
59150162,1
59150163,2
59150164,1
59150165,2
59150166,1
59150174,1
59150175,2
59150176,1
59150178,3
59150181,2
59150182,3
59150183,3
59150184,1
59150185,4
59150186,5
59150187,3
59150189,1
59150190,4
59150191,2
59150192,2
59150193,1
59150194,3
59150195,4
59150196,3
59150197,2
59150198,1
59150199,2
59150200,1
59150201,2
59150202,2
59150203,2
59150204,1
59150205,2
59150206,1
59150208,1
59150209,2
59150212,2
59150213,1
59150219,2
59150221,4
59150222,1
59150224,1
59150225,1
59150226,2
59150227,1
59150229,1
59150230,1
59150231,2
59150232,4
59150235,1
59150236,2
59150238,1
59150240,4
59150241,2
59150242,2
59150243,1
59150244,2
59150250,3
59150253,1
59150255,2
59150260,1
59150261,1
59150262,1
59150263,3
59150264,3
59150265,1
59150266,2
59150269,1
59150270,1
59150271,1
59150272,2
59150273,1
59150275,2
59150276,1
59150277,3
59150278,3
59150279,2
59150280,1
59150282,3
59150284,1
59150285,2
59150286,1
59150287,3
59150288,3
59150289,5
59150290,1
59150291,1
59150292,2
59150294,4
59150295,4
59150296,2
59150297,4
59150300,1
59150301,1
59150304,1
59150305,1
59150308,1
59150309,3
59150310,1
59150311,2
59150312,1
59150315,1
59150316,2
59150318,4
59150319,3
59150320,4
59150321,1
59150322,2
59150323,1
59150324,3
59150326,3
59150327,1
59150328,1
59150329,1
59150330,1
59150331,3
59150332,4
59150333,2
59150334,2
59150335,1
59150337,1
59150338,1
59150339,3
59150340,2
59150341,5
59150342,4
59150343,2
59150344,1
59150345,3
59150346,4
59150347,4
59150348,2
59150349,1
59150350,3
59150351,1
59150352,2
59150353,2
59150354,2
59150355,1
59150356,2
59150357,4
59150358,5
59150359,3
59150360,4
59150361,2
59150362,2
59150363,2
59150364,4
59150365,5
59150366,3
59150367,2
59150368,1
59150369,3
59150371,1
59150373,3
59150375,1
59150376,1
59150377,1
59150378,3
59150379,2
59150380,1
59150381,4
59150382,1
59150383,1
59150384,1
59150385,2
59150386,1
59150387,1
59150388,1
59150389,3
59150390,4
59150392,6
59150393,2
59150394,1
59150395,1
59150396,3
59150397,1
59150398,2
59150399,1
59150400,1
59150401,3
59150402,1
59150403,2
59150404,2
59150405,2
59150406,3
59150407,1
59150408,6
59150409,1
59150410,3
59150412,2
59150414,3
59150415,2
59150416,1
59150417,2
59150419,1
59150420,3
59150421,8
59150422,2
59150423,1
59150424,4
59150425,2
59150426,2
59150427,2
59150428,1
59150429,4
59150430,2
59150431,3
59150432,1
59150433,1
59150434,4
59150435,2
59150436,1
59150437,4
59150438,1
59150439,3
59150440,1
59150442,3
59150443,4
59150445,2
59150446,1
59150447,2
59150448,2
59150449,1
59150450,2
59150451,1
59150454,3
59150455,4
59150457,3
59150459,3
59150460,1
59150461,6
59150462,2
59150463,2
59150465,3
59150466,1
59150468,2
59150469,3
59150470,1
59150471,2
59150472,1
59150473,5
59150474,2
59150475,2
59150476,1
59150477,1
59150478,4
59150480,1
59150481,2
59150482,4
59150483,1
59150484,1
59150485,3
59150488,1
59150489,2
59150490,2
59150491,1
59150492,3
59150493,2
59150495,4
59150496,4
59150497,1
59150498,1
59150499,4
59150500,1
59150503,3
59150504,5
59150505,2
59150507,4
59150508,4
59150510,2
59150511,3
59150512,5
59150513,2
59150514,1
59150515,3
59150516,3
59150518,1
59150520,4
59150522,4
59150523,1
59150524,3
59150526,6
59150527,5
59150529,2
59150531,4
59150535,1
59150536,2
59150538,3
59150539,1
59150540,2
59150541,3
59150542,1
59150543,1
59150544,2
59150545,4
59150546,4
59150548,2
59150549,1
59150550,1
59150551,1
59150552,1
59150553,2
59150554,3
59150555,4
59150556,1
59150557,4
59150558,1
59150559,1
59150560,3
59150561,2
59150562,3
59150563,2
59150564,2
59150565,4
59150566,1
59150567,1
59150568,4
59150570,2
59150571,3
59150572,1
59150575,3
59150577,3
59150579,1
59150580,1
59150582,2
59150584,1
59150585,2
59150586,5
59150587,1
59150588,2
59150589,1
59150590,1
59150591,1
59150592,1
59150593,2
59150594,1
59150595,2
59150596,1
59150597,2
59150598,2
59150599,2
59150600,6
59150601,1
59150602,2
59150603,1
59150605,2
59150606,1
59150607,1
59150608,4
59150609,1
59150610,3
59150611,5
59150612,1
59150613,1
59150614,3
59150615,4
59150617,3
59150618,2
59150619,2
59150620,4
59150621,1
59150622,3
59150623,6
59150624,5
59150625,1
59150626,2
59150627,3
59150628,4
59150629,1
59150633,2
59150634,1
59150635,1
59150636,3
59150637,2
59150638,1
59150639,2
59150640,3
59150641,1
59150642,1
59150643,3
59150644,1
59150645,5
59150646,1
59150647,2
59150648,1
59150649,1
59150650,2
59150651,2
59150652,5
59150653,3
59150654,3
59150655,1
59150657,4
59150658,1
59150659,2
59150660,1
59150661,4
59150662,3
59150663,2
59150664,1
59150665,1
59150666,3
59150667,4
59150668,1
59150670,1
59150671,2
59150672,2
59150673,2
59150674,2
59150675,2
59150676,3
59150677,1
59150678,2
59150679,2
59150680,3
59150681,2
59150684,2
59150685,1
59150686,3
59150687,2
59150690,1
59150691,2
59150692,1
59150693,3
59150694,3
59150695,2
59150696,1
59150697,1
59150698,1
59150699,4
59150701,2
59150702,4
59150704,4
59150705,6
59150706,2
59150708,1
59150709,7
59150710,1
59150711,2
59150712,4
59150713,1
59150714,2
59150715,2
59150716,4
59150717,3
59150718,1
59150719,2
59150720,1
59150721,2
59150722,3
59150723,2
59150724,5
59150725,4
59150726,1
59150727,4
59150728,2
59150729,1
59150730,2
59150731,2
59150732,3
59150733,4
59150734,5
59150738,1
59150739,3
59150740,3
59150741,2
59150742,3
59150743,3
59150744,3
59150745,1
59150746,2
59150747,3
59150748,2
59150749,1
59150750,5
59150751,6
59150753,1
59150754,1
59150755,3
59150756,3
59150757,4
59150758,1
59150759,6
59150760,4
59150761,2
59150762,3
59150763,4
59150777,2
59150779,2
59150782,2
59150784,1
59150785,3
59150786,1
59150787,1
59150788,1
59150790,2
59150791,1
59150792,1
59150793,5
59150795,6
59150816,3
59150817,2
59150819,2
59150821,2
59150822,2
59150823,4
59150827,1
59150828,1
59150832,3
59150840,2
59150841,1
59150845,2
59150846,1
59150850,3
59150859,2
59150861,2
59150863,3
59150864,1
59150865,3
59150866,3
59150871,1
59150872,2
59150873,1
59150874,1
59150876,2
59150877,1
59150878,1
59150879,3
59150880,1
59150881,3
59150882,4
59150883,2
59150886,2
59150887,3
59150888,1
59150890,1
59150891,1
59150892,1
59150893,2
59150894,3
59150895,4
59150896,2
59150897,1
59150898,1
59150900,2
59150902,2
59150903,3
59150904,2
59150905,1
59150906,1
59150907,1
59150908,5
59150909,2
59150910,2
59150912,2
59150913,1
59150914,3
59150915,1
59150916,2
59150917,2
59150922,1
59150924,1
59150925,2
59150926,3
59150927,3
59150928,1
59150929,1
59150930,2
59150935,2
59150936,3
59150938,1
59150939,1
59150941,2
59150946,1
59150953,1
59150955,2
59150957,5
59150958,2
59150959,2
59150960,2
59150961,3
59150962,2
59150963,1
59150964,2
59150965,2
59150966,1
59150967,1
59150968,1
59150969,2
59150970,2
59150971,2
59150972,2
59150973,4
59150974,1
59150975,1
59150977,3
59150979,1
59150980,3
59150982,1
59150983,5
59150984,4
59150985,2
59150986,1
59150987,1
59150992,2
59150993,2
59150994,2
59150995,2
59150996,2
59150998,1
59151002,1
59151013,3
59151015,2
59151016,4
59151018,4
59151019,3
59151020,2
59151022,4
59151023,3
59151024,2
59151026,2
59151027,2
59151028,1
59151029,2
59151030,2
59151031,1
59151032,4
59151034,1
59151036,4
59151038,2
59151039,1
59151040,2
59151042,4
59151043,1
59151045,2
59151046,2
59151048,2
59151049,2
59151053,1
59151057,2
59151058,2
59151061,1
59151062,2
59151065,3
59151067,1
59151068,2
59151072,2
59151074,3
59151076,3
59151077,1
59151079,4
59151080,2
59151081,3
59151082,1
59151083,2
59151084,2
59151085,3
59151087,5
59151088,2
59151090,1
59151091,1
59151092,3
59151093,2
59151094,1
59151095,1
59151097,2
59151098,3
59151099,1
59151100,3
59151101,1
59151102,4
59151103,1
59151105,4
59151107,4
59151108,1
59151112,1
59151116,2
59151117,1
59151122,2
59151124,1
59151125,2
59151127,1
59151129,2
59151130,2
59151132,1
59151133,3
59151134,2
59151136,1
59151137,4
59151138,2
59151139,1
59151141,2
59151142,1
59151143,3
59151146,3
59151147,2
59151148,2
59151149,2
59151150,3
59151151,1
59151152,3
59151153,1
59151154,4
59151156,4
59151157,2
59151158,2
59151159,4
59151160,2
59151161,3
59151162,2
59151163,1
59151164,1
59151167,1
59151168,1
59151169,5
59151170,2
59151172,1
59151173,3
59151174,2
59151175,1
59151178,1
59151179,2
59151180,2
59151182,2
59151195,3
59151197,4
59151198,1
59151199,2
59151200,3
59151201,2
59151202,4
59151203,2
59151204,2
59151205,1
59151206,3
59151208,2
59151209,1
59151211,1
59151213,3
59151214,1
59151215,1
59151216,1
59151217,3
59151219,3
59151220,2
59151222,3
59151223,2
59151224,1
59151225,2
59151226,2
59151227,3
59151229,5
59151231,2
59151232,1
59151236,2
59151237,1
59151238,4
59151239,1
59151240,1
59151241,3
59151242,2
59151243,3
59151244,2
59151252,2
59151254,4
59151256,1
59151257,1
59151258,1
59151259,2
59151260,2
59151261,4
59151262,4
59151263,3
59151265,3
59151266,4
59151267,2
59151268,3
59151269,3
59151270,2
59151271,1
59151272,3
59151273,4
59151274,1
59151275,4
59151276,1
59151277,4
59151278,1
59151279,1
59151280,1
59151281,3
59151283,3
59151284,2
59151286,1
59151288,1
59151289,3
59151291,2
59151292,3
59151293,3
59151294,4
59151297,2
59151298,4
59151299,3
59151300,1
59151302,2
59151304,1
59151307,1
59151308,3
59151309,4
59151311,2
59151312,8
59151314,3
59151315,1
59151316,1
59151317,1
59151318,2
59151319,1
59151320,2
59151322,2
59151327,3
59151328,1
59151329,1
59151332,1
59151338,1
59151339,1
59151340,1
59151342,3
59151343,3
59151346,3
59151347,1
59151348,2
59151349,2
59151350,3
59151351,1
59151353,2
59151354,1
59151358,3
59151359,3
59151360,3
59151361,1
59151362,3
59151363,2
59151364,1
59151365,1
59151366,2
59151367,2
59151368,4
59151369,4
59151370,1
59151371,1
59151372,2
59151373,1
59151374,4
59151375,1
59151376,2
59151377,2
59151378,1
59151379,3
59151380,2
59151381,1
59151382,1
59151383,3
59151384,2
59151385,2
59151386,3
59151387,1
59151388,3
59151389,2
59151390,4
59151391,2
59151392,4
59151393,1
59151394,3
59151395,1
59151396,1
59151399,2
59151401,1
59151405,1
59151411,3
59151413,1
59151414,5
59151415,4
59151416,1
59151417,2
59151418,2
59151419,2
59151423,2
59151424,2
59151425,3
59151426,2
59151427,2
59151428,2
59151429,2
59151430,1
59151432,1
59151433,1
59151434,1
59151435,4
59151436,1
59151437,1
59151438,5
59151439,1
59151440,2
59151443,2
59151444,4
59151445,4
59151446,3
59151448,3
59151449,2
59151450,3
59151451,1
59151452,4
59151453,3
59151454,2
59151455,2
59151457,2
59151458,1
59151459,1
59151460,2
59151461,2
59151463,2
59151464,4
59151465,2
59151467,1
59151469,3
59151470,4
59151471,3
59151472,1
59151473,2
59151475,1
59151476,3
59151477,1
59151478,5
59151479,1
59151483,2
59151484,2
59151487,5
59151488,1
59151489,2
59151490,3
59151491,3
59151492,1
59151493,1
59151494,1
59151496,1
59151497,2
59151498,1
59151499,2
59151507,1
59151508,1
59151509,2
59151521,1
59151523,2
59151524,1
59151525,3
59151526,3
59151529,2
59151531,1
59151532,3
59151534,1
59151535,3
59151536,4
59151537,1
59151538,1
59151539,1
59151540,4
59151541,3
59151542,3
59151543,2
59151544,3
59151545,1
59151547,3
59151553,2
59151554,3
59151555,3
59151556,1
59151557,3
59151558,2
59151559,2
59151560,4
59151561,2
59151562,2
59151563,1
59151564,1
59151565,1
59151566,1
59151567,2
59151568,1
59151569,3
59151570,2
59151571,4
59151572,1
59151574,1
59151575,2
59151576,1
59151577,1
59151579,3
59151580,1
59151581,2
59151582,2
59151583,1
59151584,1
59151585,4
59151587,3
59151588,3
59151589,1
59151590,4
59151591,1
59151592,2
59151593,2
59151594,2
59151595,1
59151597,3
59151598,1
59151599,2
59151600,1
59151602,3
59151603,3
59151606,2
59151607,3
59151609,3
59151610,1
59151611,2
59151612,1
59151613,2
59151614,2
59151617,2
59151618,1
59151619,1
59151620,2
59151625,1
59151636,1
59151637,1
59151638,1
59151639,3
59151640,2
59151644,1
59151645,4
59151646,1
59151647,1
59151649,1
59151650,2
59151651,1
59151652,2
59151653,2
59151655,1
59151658,1
59151661,1
59151668,2
59151670,3
59151673,2
59151674,3
59151675,1
59151677,2
59151678,3
59151679,1
59151680,4
59151681,2
59151682,2
59151683,1
59151684,1
59151685,2
59151687,1
59151688,2
59151689,3
59151691,1
59151692,3
59151694,3
59151695,2
59151696,3
59151697,1
59151705,2
59151713,1
59151714,1
59151715,1
59151716,2
59151717,4
59151718,1
59151719,1
59151720,2
59151721,1
59151723,2
59151724,1
59151727,3
59151733,2
59151734,2
59151735,1
59151737,1
59151739,2
59151741,3
59151742,1
59151743,1
59151744,2
59151746,1
59151747,1
59151748,2
59151749,1
59151750,2
59151751,2
59151752,2
59151756,2
59151757,1
59151758,2
59151759,3
59151760,2
59151761,2
59151762,1
59151763,3
59151764,1
59151765,2
59151766,1
59151767,1
59151768,1
59151769,1
59151770,2
59151771,1
59151774,2
59151776,5
59151779,1
59151781,1
59151782,1
59151783,4
59151784,4
59151785,2
59151786,2
59151787,3
59151788,3
59151789,2
59151790,2
59151791,2
59151792,1
59151793,3
59151794,2
59151797,1
59151798,3
59151799,2
59151800,2
59151801,2
59151802,4
59151803,2
59151804,1
59151805,5
59151806,3
59151807,1
59151808,3
59151809,1
59151810,1
59151811,3
59151816,1
59151817,3
59151818,1
59151819,2
59151820,1
59151822,1
59151824,2
59151827,2
59151828,3
59151829,4
59151830,1
59151831,1
59151833,1
59151838,1
59151839,2
59151840,3
59151842,2
59151843,3
59151844,1
59151845,2
59151846,5
59151847,4
59151849,2
59151850,3
59151852,1
59151853,2
59151854,2
59151855,3
59151857,3
59151858,3
59151860,3
59151862,2
59151866,3
59151871,4
59151872,1
59151874,1
59151880,4
59151882,3
59151883,4
59151884,3
59151885,2
59151886,3
59151887,4
59151888,4
59151889,3
59151890,1
59151892,1
59151893,3
59151898,1
59151900,1
59151901,3
59151902,3
59151903,2
59151904,2
59151905,1
59151906,4
59151908,1
59151909,2
59151910,2
59151912,1
59151913,4
59151914,1
59151915,1
59151916,2
59151917,1
59151918,3
59151919,1
59151920,1
59151921,2
59151922,2
59151924,3
59151925,1
59151926,4
59151927,5
59151929,2
59151931,1
59151932,1
59151933,2
59151934,4
59151936,2
59151937,1
59151938,3
59151940,3
59151941,8
59151942,1
59151943,1
59151944,2
59151945,4
59151948,3
59151950,4
59151951,2
59151952,2
59151955,1
59151956,2
59151958,1
59151960,1
59151962,3
59151963,4
59151965,1
59151968,2
59151969,4
59151970,1
59151972,3
59151973,1
59151980,3
59151986,3
59151987,1
59151988,4
59151989,1
59151990,4
59151991,2
59151994,2
59151995,3
59152000,2
59152001,1
59152004,2
59152005,1
59152006,3
59152007,1
59152008,2
59152009,1
59152010,1
59152011,1
59152012,2
59152013,1
59152014,2
59152015,1
59152016,3
59152018,2
59152019,2
59152021,3
59152022,4
59152024,1
59152025,2
59152027,1
59152028,4
59152029,2
59152030,1
59152032,2
59152033,3
59152034,1
59152035,2
59152036,2
59152037,1
59152040,3
59152041,4
59152042,2
59152043,2
59152044,1
59152047,3
59152048,5
59152049,1
59152050,2
59152052,2
59152053,2
59152054,2
59152055,2
59152056,1
59152057,1
59152058,1
59152059,2
59152060,3
59152061,1
59152062,1
59152065,2
59152070,2
59152071,2
59152072,3
59152073,5
59152074,4
59152075,2
59152076,3
59152077,3
59152078,4
59152079,2
59152081,4
59152082,2
59152083,2
59152084,2
59152086,4
59152087,1
59152088,2
59152089,2
59152090,1
59152091,7
59152094,2
59152095,2
59152096,6
59152097,1
59152100,1
59152101,1
59152102,1
59152104,1
59152105,4
59152106,1
59152107,2
59152108,2
59152109,1
59152112,3
59152113,3
59152114,5
59152116,3
59152117,2
59152118,1
59152119,2
59152120,1
59152121,1
59152122,4
59152123,1
59152124,3
59152125,1
59152126,1
59152128,1
59152129,1
59152130,1
59152132,3
59152133,1
59152134,2
59152135,2
59152138,1
59152139,1
59152140,4
59152143,5
59152144,2
59152145,3
59152146,2
59152147,6
59152148,5
59152151,3
59152152,1
59152153,4
59152154,1
59152155,6
59152156,1
59152157,4
59152158,3
59152159,2
59152163,1
59152164,1
59152165,2
59152166,3
59152167,1
59152169,1
59152170,2
59152171,5
59152172,1
59152174,2
59152175,4
59152177,3
59152178,3
59152180,2
59152181,5
59152183,4
59152184,1
59152185,2
59152186,1
59152187,3
59152188,2
59152189,3
59152190,4
59152191,1
59152193,4
59152194,2
59152196,4
59152197,4
59152198,2
59152199,3
59152200,4
59152203,3
59152204,5
59152205,1
59152206,1
59152207,1
59152208,4
59152209,2
59152210,2
59152211,2
59152212,3
59152213,3
59152214,1
59152217,4
59152218,1
59152219,3
59152224,4
59152225,2
59152227,1
59152228,2
59152229,2
59152230,3
59152231,2
59152232,1
59152233,1
59152234,5
59152235,4
59152237,3
59152238,4
59152239,5
59152240,4
59152241,2
59152243,1
59152244,3
59152245,2
59152246,2
59152247,3
59152248,2
59152250,2
59152254,1
59152255,1
59152256,4
59152265,4
59152266,1
59152267,1
59152268,1
59152270,6
59152271,1
59152273,1
59152274,2
59152277,1
59152282,1
59152286,3
59152288,1
59152290,1
59152291,1
59152294,7
59152299,1
59152300,2
59152302,4
59152303,3
59152304,2
59152305,1
59152306,5
59152307,2
59152308,1
59152309,3
59152313,3
59152314,3
59152315,4
59152316,3
59152317,2
59152318,2
59152319,1
59152320,2
59152321,2
59152322,6
59152325,3
59152326,3
59152327,2
59152328,2
59152330,2
59152331,4
59152332,1
59152333,2
59152334,2
59152335,2
59152336,2
59152337,4
59152338,3
59152339,3
59152340,1
59152341,1
59152342,1
59152343,3
59152344,2
59152346,3
59152347,2
59152350,1
59152351,2
59152352,4
59152353,3
59152354,1
59152355,1
59152356,2
59152358,2
59152359,1
59152360,3
59152361,1
59152362,1
59152363,1
59152365,2
59152366,3
59152367,2
59152368,3
59152369,2
59152370,1
59152371,2
59152372,2
59152374,1
59152375,1
59152377,1
59152380,1
59152381,1
59152382,1
59152383,1
59152384,5
59152385,1
59152386,1
59152387,1
59152388,1
59152389,1
59152390,5
59152391,1
59152392,1
59152393,1
59152394,4
59152395,4
59152396,4
59152397,1
59152398,1
59152403,1
59152407,3
59152409,1
59152410,1
59152414,3
59152415,2
59152417,2
59152418,1
59152420,2
59152422,2
59152423,2
59152424,3
59152425,1
59152431,1
59152432,4
59152434,1
59152436,2
59152437,2
59152440,1
59152441,2
59152443,2
59152444,3
59152445,2
59152446,2
59152448,1
59152449,2
59152450,1
59152451,2
59152452,1
59152454,1
59152455,2
59152456,3
59152458,1
59152459,3
59152460,2
59152461,3
59152462,3
59152463,3
59152464,2
59152467,2
59152469,2
59152471,1
59152472,2
59152474,2
59152477,3
59152479,2
59152480,2
59152481,2
59152482,2
59152483,2
59152494,1
59152495,1
59152496,3
59152497,5
59152498,3
59152499,2
59152500,2
59152501,5
59152502,5
59152507,2
59152510,2
59152511,2
59152515,2
59152517,4
59152519,1
59152520,3
59152523,4
59152531,2
59152537,6
59152539,2
59152540,3
59152541,2
59152542,3
59152543,1
59152544,1
59152559,2
59152560,1
59152561,1
59152562,1
59152563,1
59152564,2
59152566,2
59152570,1
59152571,1
59152572,4
59152574,1
59152578,1
59152579,3
59152580,4
59152582,2
59152583,1
59152585,1
59152587,3
59152588,4
59152590,3
59152591,3
59152592,1
59152593,1
59152594,4
59152595,3
59152596,3
59152597,1
59152598,4
59152599,2
59152600,3
59152601,1
59152602,5
59152603,2
59152604,1
59152605,1
59152606,1
59152607,4
59152609,4
59152610,2
59152612,1
59152613,1
59152614,1
59152615,2
59152616,2
59152618,1
59152619,1
59152620,1
59152621,1
59152622,3
59152623,1
59152624,2
59152625,2
59152626,3
59152628,2
59152629,2
59152630,2
59152635,2
59152636,1
59152638,1
59152640,1
59152641,1
59152642,1
59152643,2
59152644,1
59152645,1
59152646,1
59152647,1
59152648,2
59152650,4
59152651,2
59152652,3
59152653,2
59152654,4
59152657,3
59152658,5
59152660,1
59152661,1
59152662,1
59152667,5
59152668,4
59152669,3
59152670,2
59152671,2
59152672,2
59152674,2
59152675,2
59152676,2
59152677,2
59152681,4
59152684,1
59152690,1
59152692,3
59152695,2
59152699,1
59152702,1
59152703,1
59152706,2
59152710,2
59152711,3
59152712,1
59152716,4
59152717,1
59152718,4
59152719,2
59152721,3
59152722,1
59152725,2
59152726,2
59152730,1
59152731,1
59152734,2
59152735,2
59152740,2
59152741,1
59152743,1
59152744,1
59152745,1
59152746,1
59152747,2
59152748,2
59152749,5
59152750,1
59152751,1
59152752,3
59152756,6
59152757,1
59152759,1
59152760,2
59152765,3
59152766,2
59152767,1
59152774,1
59152775,2
59152778,1
59152779,1
59152780,2
59152781,3
59152784,2
59152785,3
59152786,1
59152787,2
59152793,4
59152795,3
59152799,1
59152800,4
59152801,2
59152803,1
59152804,1
59152805,5
59152809,2
59152810,5
59152814,1
59152816,2
59152817,1
59152819,3
59152820,1
59152821,4
59152822,1
59152832,5
59152833,1
59152834,3
59152835,1
59152836,1
59152837,2
59152838,2
59152839,1
59152840,2
59152842,2
59152843,2
59152845,1
59152848,1
59152849,2
59152850,1
59152851,4
59152852,3
59152853,3
59152854,5
59152855,4
59152856,3
59152857,1
59152858,1
59152859,1
59152860,4
59152862,1
59152863,1
59152867,3
59152869,2
59152870,3
59152871,2
59152872,1
59152873,2
59152874,5
59152875,1
59152876,3
59152877,1
59152878,2
59152880,1
59152881,1
59152882,4
59152883,2
59152885,2
59152886,3
59152887,1
59152888,3
59152889,1
59152891,2
59152893,1
59152895,1
59152896,3
59152897,1
59152898,2
59152900,2
59152901,1
59152902,2
59152904,2
59152905,4
59152906,1
59152908,1
59152909,4
59152910,1
59152911,2
59152912,2
59152913,1
59152914,2
59152916,1
59152917,3
59152918,2
59152919,3
59152920,1
59152921,1
59152922,4
59152923,2
59152924,1
59152925,2
59152927,2
59152928,2
59152930,4
59152931,1
59152932,3
59152933,1
59152934,1
59152935,1
59152942,1
59152943,3
59152944,3
59152945,7
59152946,4
59152947,3
59152948,6
59152949,3
59152950,1
59152951,2
59152953,2
59152954,1
59152955,2
59152956,2
59152957,2
59152958,2
59152961,2
59152963,1
59152964,1
59152965,1
59152966,3
59152968,2
59152969,1
59152973,2
59152974,1
59152975,1
59152978,1
59152979,3
59152981,1
59152982,1
59152984,1
59152986,1
59152987,4
59152989,1
59152990,3
59152991,1
59152992,2
59152993,2
59152995,4
59152998,3
59153000,1
59153001,2
59153002,1
59153003,2
59153005,1
59153006,2
59153010,1
59153016,1
59153017,4
59153018,1
59153019,1
59153020,2
59153021,3
59153022,3
59153023,3
59153025,3
59153027,6
59153028,1
59153033,1
59153034,3
59153035,2
59153036,1
59153038,3
59153040,1
59153041,1
59153049,1
59153052,1
59153053,1
59153054,2
59153055,2
59153057,1
59153058,2
59153059,3
59153060,3
59153061,3
59153062,4
59153063,3
59153064,1
59153065,1
59153066,1
59153069,4
59153070,2
59153071,1
59153072,2
59153073,1
59153074,2
59153075,5
59153077,3
59153078,1
59153079,2
59153080,1
59153081,1
59153083,2
59153084,1
59153086,1
59153087,2
59153088,1
59153089,2
59153091,1
59153092,2
59153093,1
59153094,1
59153096,1
59153097,2
59153099,3
59153102,2
59153104,1
59153105,3
59153106,1
59153107,2
59153108,3
59153110,3
59153111,1
59153113,2
59153121,1
59153124,3
59153132,4
59153133,3
59153134,2
59153135,3
59153136,2
59153137,5
59153138,1
59153139,3
59153140,6
59153144,2
59153151,2
59153152,3
59153154,1
59153155,1
59153156,2
59153157,2
59153158,1
59153159,2
59153160,2
59153161,2
59153162,7
59153163,2
59153166,6
59153167,3
59153171,2
59153181,5
59153182,4
59153183,1
59153184,3
59153185,1
59153186,1
59153187,3
59153188,3
59153189,1
59153190,3
59153191,2
59153192,3
59153194,2
59153197,5
59153198,4
59153199,1
59153200,4
59153201,6
59153205,1
59153206,1
59153207,1
59153208,2
59153209,2
59153212,1
59153213,3
59153215,2
59153216,2
59153217,1
59153218,5
59153219,2
59153220,2
59153221,3
59153222,4
59153223,4
59153224,2
59153225,2
59153226,2
59153227,3
59153228,1
59153229,2
59153231,2
59153232,2
59153234,3
59153235,2
59153236,1
59153237,1
59153238,1
59153239,1
59153240,2
59153249,3
59153251,2
59153252,1
59153253,2
59153254,3
59153255,3
59153256,3
59153257,3
59153258,2
59153259,2
59153261,5
59153263,2
59153264,1
59153265,1
59153266,3
59153267,6
59153268,2
59153270,3
59153271,4
59153272,1
59153273,1
59153274,2
59153275,1
59153276,1
59153277,2
59153278,3
59153279,1
59153281,3
59153282,4
59153283,1
59153284,1
59153285,3
59153286,3
59153287,1
59153288,1
59153289,4
59153290,2
59153291,2
59153292,2
59153293,4
59153295,3
59153296,2
59153298,1
59153299,2
59153300,1
59153301,1
59153302,2
59153303,5
59153305,3
59153306,6
59153307,2
59153308,2
59153311,2
59153312,4
59153313,3
59153315,1
59153316,2
59153317,4
59153319,2
59153320,2
59153321,1
59153322,6
59153323,2
59153324,2
59153327,2
59153328,1
59153329,1
59153331,4
59153332,1
59153333,2
59153334,1
59153342,1
59153343,1
59153344,2
59153345,1
59153347,4
59153351,4
59153352,2
59153353,2
59153354,2
59153355,1
59153361,3
59153362,2
59153367,3
59153369,2
59153370,4
59153371,2
59153372,1
59153373,2
59153375,2
59153376,2
59153378,4
59153380,1
59153381,3
59153382,4
59153383,3
59153385,3
59153388,1
59153389,4
59153390,2
59153391,3
59153394,3
59153397,4
59153398,3
59153400,1
59153401,2
59153406,1
59153407,2
59153409,2
59153410,1
59153411,3
59153412,3
59153413,2
59153415,1
59153416,1
59153417,2
59153418,2
59153420,3
59153421,1
59153423,1
59153424,2
59153425,2
59153426,6
59153428,2
59153429,2
59153430,1
59153431,1
59153433,2
59153435,2
59153436,2
59153437,1
59153439,1
59153440,1
59153441,2
59153445,1
59153446,3
59153447,2
59153450,1
59153451,3
59153452,2
59153453,1
59153454,4
59153455,2
59153456,5
59153460,2
59153461,1
59153464,2
59153466,2
59153467,2
59153469,1
59153470,1
59153471,1
59153474,1
59153476,3
59153477,2
59153479,2
59153480,1
59153481,1
59153482,2
59153483,3
59153484,1
59153485,1
59153487,1
59153489,3
59153490,2
59153491,1
59153492,1
59153493,1
59153494,2
59153495,3
59153496,1
59153497,2
59153498,6
59153499,3
59153500,2
59153501,1
59153502,1
59153503,3
59153504,2
59153506,1
59153507,1
59153513,1
59153515,2
59153517,1
59153518,2
59153519,2
59153520,5
59153521,2
59153523,1
59153528,3
59153529,2
59153530,4
59153531,3
59153533,1
59153535,2
59153538,4
59153540,3
59153541,2
59153542,2
59153545,1
59153547,2
59153548,1
59153553,1
59153554,4
59153555,1
59153556,4
59153557,3
59153558,2
59153566,1
59153571,1
59153572,2
59153574,1
59153576,1
59153578,4
59153581,3
59153582,3
59153583,1
59153585,4
59153586,2
59153588,1
59153590,2
59153591,1
59153593,1
59153595,1
59153598,1
59153599,1
59153600,1
59153601,1
59153603,1
59153606,1
59153607,1
59153611,1
59153613,5
59153614,2
59153615,2
59153616,2
59153618,2
59153619,3
59153620,2
59153624,5
59153625,4
59153626,4
59153627,1
59153628,1
59153629,1
59153630,4
59153631,2
59153633,1
59153634,2
59153635,1
59153636,1
59153637,1
59153638,2
59153639,1
59153640,3
59153641,1
59153642,1
59153643,2
59153644,2
59153645,4
59153646,5
59153647,3
59153648,1
59153649,1
59153651,2
59153652,1
59153653,2
59153654,2
59153656,2
59153659,2
59153661,3
59153662,1
59153664,1
59153668,1
59153669,1
59153670,2
59153671,2
59153673,2
59153674,3
59153675,1
59153676,2
59153677,3
59153678,1
59153679,1
59153680,1
59153681,3
59153682,2
59153683,5
59153684,3
59153685,1
59153686,1
59153687,2
59153689,4
59153691,1
59153693,1
59153698,2
59153699,1
59153700,2
59153701,2
59153703,2
59153704,1
59153706,2
59153709,3
59153710,1
59153711,1
59153712,2
59153714,2
59153715,3
59153716,2
59153717,1
59153718,4
59153720,6
59153724,1
59153725,2
59153733,3
59153734,1
59153737,1
59153738,5
59153739,1
59153742,2
59153745,2
59153746,1
59153747,2
59153756,2
59153757,1
59153762,2
59153763,3
59153764,3
59153765,3
59153768,1
59153769,5
59153771,2
59153772,3
59153774,3
59153775,2
59153776,5
59153777,1
59153778,1
59153779,1
59153780,3
59153782,1
59153784,2
59153785,3
59153786,2
59153788,2
59153789,3
59153791,6
59153794,1
59153795,3
59153796,2
59153797,3
59153798,6
59153799,3
59153801,2
59153805,5
59153806,4
59153807,2
59153809,4
59153812,1
59153815,2
59153816,1
59153818,3
59153821,1
59153825,3
59153831,2
59153833,1
59153835,4
59153836,4
59153838,2
59153839,6
59153843,3
59153847,3
59153849,1
59153851,5
59153852,7
59153854,1
59153856,4
59153857,1
59153859,2
59153860,1
59153861,2
59153862,1
59153864,2
59153866,3
59153868,1
59153869,2
59153870,1
59153871,2
59153872,4
59153875,2
59153876,1
59153877,1
59153878,2
59153881,1
59153883,1
59153885,1
59153886,3
59153887,2
59153888,2
59153889,1
59153890,2
59153891,2
59153895,1
59153896,3
59153897,2
59153898,1
59153899,3
59153901,2
59153902,3
59153903,2
59153904,3
59153905,2
59153907,1
59153908,2
59153909,2
59153910,3
59153911,3
59153912,3
59153913,1
59153914,2
59153916,3
59153917,3
59153919,3
59153920,3
59153921,2
59153922,1
59153925,2
59153926,5
59153929,2
59153930,3
59153931,3
59153932,2
59153935,1
59153940,2
59153941,1
59153942,1
59153943,1
59153944,1
59153948,1
59153949,3
59153952,1
59153953,4
59153955,4
59153956,1
59153958,2
59153960,2
59153961,3
59153963,1
59153965,1
59153966,2
59153967,3
59153968,2
59153969,3
59153970,1
59153971,6
59153972,1
59153973,4
59153974,2
59153975,2
59153976,5
59153977,2
59153978,5
59153979,1
59153982,1
59153983,1
59153985,1
59153986,6
59153987,2
59153988,2
59153989,5
59153991,4
59153992,2
59153993,1
59153994,1
59153995,1
59153996,1
59153997,2
59153998,1
59154000,6
59154002,1
59154004,5
59154010,1
59154013,1
59154014,1
59154015,1
59154016,1
59154018,1
59154019,2
59154022,3
59154023,2
59154025,4
59154026,3
59154027,4
59154029,1
59154030,1
59154031,1
59154034,2
59154035,3
59154039,1
59154041,1
59154044,5
59154045,2
59154046,2
59154048,1
59154049,1
59154050,4
59154055,1
59154058,1
59154059,1
59154060,3
59154062,2
59154063,1
59154064,1
59154065,1
59154066,2
59154069,1
59154070,3
59154071,1
59154075,6
59154076,1
59154077,1
59154078,3
59154080,1
59154081,2
59154083,1
59154092,1
59154099,2
59154100,1
59154101,3
59154102,3
59154103,1
59154105,2
59154107,1
59154111,2
59154116,1
59154118,1
59154121,1
59154123,2
59154125,3
59154126,2
59154127,2
59154128,1
59154130,1
59154133,2
59154134,1
59154135,2
59154136,1
59154137,3
59154138,1
59154139,1
59154140,4
59154143,3
59154144,1
59154145,2
59154146,6
59154147,1
59154148,3
59154149,4
59154150,2
59154152,4
59154154,2
59154156,1
59154157,1
59154158,2
59154159,2
59154165,2
59154167,1
59154168,3
59154169,1
59154172,1
59154173,5
59154177,4
59154180,1
59154181,4
59154183,1
59154184,2
59154185,2
59154186,1
59154187,1
59154188,1
59154189,2
59154190,4
59154191,2
59154192,1
59154193,3
59154194,5
59154195,1
59154196,1
59154201,3
59154202,2
59154203,5
59154204,4
59154205,3
59154206,1
59154207,1
59154208,1
59154209,3
59154210,1
59154211,1
59154212,2
59154213,3
59154214,1
59154216,3
59154217,3
59154218,5
59154220,1
59154221,4
59154222,3
59154223,1
59154224,2
59154226,3
59154227,1
59154228,3
59154229,1
59154231,2
59154237,1
59154238,4
59154239,2
59154240,3
59154241,3
59154243,1
59154244,1
59154246,3
59154250,2
59154251,3
59154252,5
59154253,3
59154254,2
59154255,1
59154256,3
59154257,1
59154259,1
59154260,5
59154261,2
59154262,3
59154264,1
59154265,1
59154266,3
59154267,1
59154268,1
59154269,3
59154270,2
59154272,2
59154273,2
59154275,3
59154279,3
59154280,5
59154281,1
59154282,4
59154285,4
59154286,3
59154287,4
59154288,1
59154289,3
59154290,1
59154291,2
59154292,4
59154293,1
59154295,1
59154296,1
59154298,1
59154299,1
59154301,1
59154302,3
59154304,1
59154305,4
59154307,3
59154313,1
59154314,1
59154315,1
59154317,4
59154319,1
59154321,3
59154323,1
59154325,1
59154326,2
59154327,2
59154328,2
59154329,1
59154330,1
59154334,2
59154335,3
59154336,2
59154338,3
59154339,4
59154340,1
59154341,1
59154342,2
59154343,1
59154344,3
59154345,1
59154346,2
59154347,1
59154348,1
59154349,3
59154350,2
59154351,1
59154352,2
59154353,3
59154355,1
59154357,2
59154359,2
59154361,2
59154362,1
59154363,7
59154364,1
59154366,3
59154367,5
59154368,2
59154370,2
59154372,1
59154373,1
59154374,1
59154375,2
59154376,1
59154378,2
59154380,2
59154381,1
59154387,1
59154388,4
59154390,3
59154391,2
59154392,3
59154393,3
59154396,1
59154397,3
59154398,2
59154399,3
59154400,3
59154402,3
59154404,7
59170036,1
59170037,1
59170038,2
59170040,2
59170041,1
59170042,2
59170043,4
59170044,2
59170046,1
59170047,3
59170048,3
59170051,4
59170052,1
59170053,1
59170056,2
59170070,2
59170075,1
59170076,2
59170079,4
59170081,1
59170082,1
59170084,1
59170085,2
59170094,2
59170095,2
59170096,1
59170097,1
59170098,5
59170100,1
59170101,2
59170102,2
59170103,1
59170104,2
59170105,2
59170106,2
59170111,1
59170112,2
59170113,2
59170114,2
59170115,3
59170116,2
59170117,2
59170118,4
59170119,1
59170120,1
59170121,3
59170122,2
59170123,2
59170125,1
59170126,4
59170127,2
59170128,2
59170130,1
59170131,2
59170133,2
59170134,3
59170135,2
59170136,2
59170138,2
59170140,1
59170141,3
59170142,3
59170143,3
59170144,5
59170145,4
59170146,1
59170147,2
59170149,1
59170150,3
59170151,1
59170152,2
59170153,4
59170154,2
59170155,2
59170156,1
59170157,1
59170161,2
59170162,4
59170163,3
59170164,5
59170165,1
59170167,1
59170169,4
59170170,4
59170171,3
59170172,3
59170174,2
59170175,1
59170177,1
59170178,1
59170179,2
59170180,1
59170181,4
59170182,2
59170184,3
59170185,2
59170186,1
59170187,1
59170189,2
59170192,1
59170193,1
59170195,2
59170196,2
59170198,2
59170199,3
59170200,2
59170201,4
59170202,1
59170203,3
59170204,1
59170205,1
59170206,1
59170207,2
59170208,1
59170209,4
59170212,1
59170214,3
59170216,1
59170217,1
59170218,1
59170219,1
59170220,3
59170221,2
59170223,1
59170224,2
59170225,2
59170226,2
59170227,1
59170228,1
59170229,4
59170230,1
59170231,2
59170233,2
59170234,4
59170235,4
59170236,3
59170237,3
59170238,1
59170240,1
59170241,2
59170242,4
59170243,1
59170244,2
59170246,1
59170247,1
59170248,3
59170249,1
59170252,1
59170253,2
59170254,1
59170257,2
59170258,2
59170259,2
59170260,4
59170262,4
59170264,2
59170265,1
59170266,2
59170267,1
59170271,1
59170272,4
59170273,1
59170274,1
59170275,1
59170276,4
59170277,2
59170278,4
59170279,3
59170281,5
59170282,4
59170285,2
59170286,1
59170287,2
59170288,6
59170289,5
59170290,6
59170291,2
59170292,1
59170293,1
59170294,1
59170295,4
59170296,3
59170297,1
59170298,3
59170299,1
59170300,3
59170301,1
59170302,1
59170303,2
59170304,2
59170308,2
59170309,1
59170311,3
59170313,2
59170316,2
59170317,3
59170318,3
59170319,1
59170320,1
59170321,1
59170323,4
59170324,1
59170325,2
59170326,1
59170327,1
59170331,1
59170335,3
59170336,1
59170338,3
59170339,1
59170343,2
59170345,1
59170346,4
59170347,1
59170348,3
59170349,1
59170350,1
59170351,3
59170352,2
59170353,2
59170354,1
59170357,2
59170360,3
59170361,2
59170362,2
59170363,3
59170364,1
59170365,2
59170366,1
59170367,2
59170368,3
59170369,1
59170370,1
59170371,1
59170372,1
59170373,2
59170375,2
59170376,3
59170378,2
59170379,1
59170380,5
59170383,2
59170385,2
59170386,1
59170387,1
59170388,3
59170390,1
59170392,2
59170396,1
59170397,7
59170399,1
59170403,2
59170406,1
59170408,2
59170409,1
59170410,4
59170414,3
59170415,3
59170416,1
59170417,2
59170418,2
59170419,3
59170422,2
59170425,3
59170426,2
59170427,1
59170428,2
59170429,2
59170430,1
59170431,2
59170432,2
59170433,2
59170435,2
59170438,1
59170439,1
59170440,3
59170441,2
59170443,2
59170444,1
59170452,2
59170454,1
59170455,2
59170457,2
59170458,1
59170463,1
59170464,1
59170466,3
59170468,1
59170469,1
59170470,2
59170471,1
59170472,1
59170478,2
59170479,1
59170480,1
59170481,2
59170482,2
59170483,2
59170484,1
59170485,1
59170489,2
59170491,1
59170493,3
59170501,1
59170507,1
59170544,1
59170545,4
59170546,1
59170550,1
59170551,2
59170553,2
59170556,4
59170557,2
59170558,2
59170559,1
59170561,1
59170562,2
59170563,4
59170564,1
59170565,1
59170566,1
59170568,2
59170570,2
59170575,3
59170577,3
59170578,2
59170579,1
59170581,2
59170582,4
59170583,3
59170584,3
59170585,2
59170588,4
59170589,2
59170590,1
59170591,3
59170593,3
59170594,2
59170595,1
59170596,3
59170597,2
59170598,1
59170599,5
59170600,4
59170601,4
59170602,1
59170604,1
59170610,4
59170612,3
59170614,1
59170615,5
59170619,2
59170622,1
59170631,1
59170632,1
59170633,1
59170634,2
59170635,1
59170636,1
59170637,5
59170638,3
59170639,1
59170640,3
59170644,1
59170649,2
59170651,2
59170652,3
59170656,1
59170659,1
59170661,1
59170662,3
59170663,3
59170665,1
59170679,1
59170680,3
59170681,2
59170683,2
59170690,1
59170699,1
59170705,1
59170707,1
59170708,1
59170709,1
59170712,3
59170713,1
59170715,2
59170718,2
59170719,2
59170720,1
59170722,1
59170723,1
59170725,2
59170729,3
59170730,2
59170731,1
59170733,1
59170734,5
59170735,3
59170736,1
59170738,2
59170739,1
59170741,1
59170742,1
59170744,2
59170746,1
59170747,3
59170749,3
59170751,3
59170753,2
59170754,1
59170755,2
59170756,1
59170758,2
59170761,1
59170763,1
59170768,2
59170769,1
59170771,1
59170772,2
59170773,2
59170774,3
59170776,2
59170778,2
59170783,1
59170785,2
59170787,1
59170789,5
59170790,2
59170792,2
59170793,2
59170796,2
59170797,4
59170798,1
59170804,3
59170805,3
59170806,2
59170807,2
59170808,2
59170809,4
59170811,1
59170814,4
59170815,1
59170816,5
59170817,1
59170819,1
59170820,1
59190155,1
59190157,1
59190160,1
59190169,1
59190173,1
59190174,1
59190175,1
59190177,1
59190179,1
59190181,3
59190182,2
59190184,2
59190186,1
59190191,1
59190192,1
59190193,1
59190194,1
59190195,2
59190196,1
59190200,2
59190201,1
59190206,3
59190207,2
59190208,1
59190209,1
59190210,1
59190211,1
59190212,2
59190217,4
59190218,3
59190219,2
59190221,2
59190222,1
59190223,1
59190224,1
59190226,1
59190228,2
59190232,1
59190234,4
59190235,1
59190237,1
59190238,2
59190239,2
59190240,1
59190241,2
59190242,2
59190243,2
59190244,2
59190245,3
59190247,1
59190250,1
59190253,4
59190255,5
59190256,2
59190257,1
59190260,2
59190261,4
59190262,1
59190263,1
59190264,3
59190265,2
59190266,3
59190267,1
59190268,2
59190269,1
59190270,1
59190275,2
59190276,3
59190277,1
59190278,1
59190279,1
59190280,1
59190282,1
59190283,1
59190284,1
59190285,1
59190287,2
59190288,1
59190289,1
59190291,2
59190292,1
59190294,1
59190297,3
59190302,1
59190303,2
59190310,1
59190311,1
59190316,2
59190319,1
59190329,1
59190330,2
59190331,2
59210209,1
59210210,2
59210211,1
59210213,2
59210214,2
59210216,2
59210217,1
59210218,1
59210219,1
59210221,1
59210222,2
59210223,2
59210224,2
59210225,1
59210226,2
59210227,1
59210228,1
59210229,1
59210230,1
59210231,1
59210232,2
59210233,1
59210234,2
59210236,2
59210237,3
59210238,1
59210239,1
59210242,3
59210243,1
59210252,2
59210253,2
59210254,2
59210255,1
59210259,1
59210260,2
59210263,2
59210264,2
59210265,2
59210266,2
59210267,1
59210268,2
59210269,2
59210270,2
59210271,1
59210272,1
59210273,1
59210275,3
59210276,2
59210279,2
59210282,1
59210284,1
59210285,1
59210286,1
59210288,1
59210289,1
59210292,1
59210294,1
59210295,1
59210296,2
59210298,2
59210299,1
59210300,3
59210301,2
59210302,2
59210303,1
59210304,1
59210305,1
59210307,1
59210309,2
59210310,4
59210311,1
59210312,1
59210313,1
59210314,2
59210317,3
59210321,1
59210322,1
59210323,1
59210325,2
59210326,2
59210328,2
59210332,4
59210334,3
59210336,1
59210337,3
59210338,1
59210339,3
59210341,1
59210342,1
59210343,2
59210344,2
59210346,1
59210347,1
59210349,3
59210350,2
59210351,3
59210352,5
59210353,2
59210354,1
59210355,2
59210356,3
59210357,2
59210358,6
59210359,1
59210360,2
59210361,1
59210362,3
59210363,2
59210365,1
59210366,3
59210367,2
59210369,1
59210371,1
59210376,1
59210377,1
59210379,2
59210381,1
59210382,3
59210384,2
59210385,1
59210386,1
59210387,1
59210388,2
59210389,3
59210391,5
59210392,1
59210393,2
59210394,3
59210395,3
59210396,1
59210397,3
59210398,1
59210399,3
59210400,2
59210401,2
59210402,2
59210403,1
59210404,1
59210405,1
59210406,1
59210407,2
59210408,3
59210409,3
59210410,2
59210411,4
59210412,3
59210413,1
59210414,1
59210415,3
59210416,3
59210417,5
59210419,3
59210420,2
59210421,1
59210422,1
59210423,1
59210424,1
59210425,2
59210426,3
59210428,2
59210429,1
59210430,4
59210431,3
59210432,4
59210433,1
59210435,1
59210438,1
59210439,1
59210440,1
59210445,1
59210446,3
59210447,2
59210448,2
59210449,2
59210450,1
59210453,1
59210456,1
59210459,1
59210460,1
59210461,1
59210462,1
59210464,1
59210468,1
59210469,1
59210470,1
59210472,3
59210474,2
59210475,2
59210476,2
59210479,1
59210481,2
59210484,1
59210485,1
59230089,2
59230092,1
59230096,2
59230098,4
59230100,1
59230102,2
59230103,2
59230104,1
59230105,1
59230106,4
59230107,2
59230108,1
59230109,1
59230110,1
59230111,4
59230112,2
59230115,1
59230117,1
59230118,2
59230120,2
59230121,1
59230122,2
59230123,1
59230125,2
59230126,1
59230127,1
59230128,1
59230130,1
59230132,1
59230133,2
59230134,1
59230136,3
59230137,1
59230138,1
59230139,1
59230140,2
59230141,1
59230143,2
59240210,1
59240213,1
59240214,1
59240215,1
59240216,2
59240217,1
59240218,2
59240219,2
59240220,2
59240221,1
59240222,2
59240225,1
59240227,1
59240228,1
59240229,1
59240230,1
59240231,1
59240232,1
59240233,4
59240234,3
59240235,2
59240237,2
59240239,2
59240242,1
59240243,1
59240245,2
59240246,2
59240247,2
59240249,3
59240250,1
59240251,1
59240252,3
59240253,2
59240254,2
59240256,3
59240258,2
59240259,2
59240261,2
59240262,2
59240266,1
59240280,1
59240281,2
59240292,2
59240293,2
59240406,4
59240408,1
59240410,2
59240411,1
59240412,2
59240413,3
59240423,1
59240439,1
59240440,1
59260289,2
59260290,1
59260294,1
59260295,2
59260296,1
59260297,5
59260298,1
59260299,2
59260300,1
59260301,1
59260304,2
59260305,1
59260307,1
59260308,2
59260309,3
59260310,5
59260312,2
59260313,1
59260314,3
59260315,1
59260316,1
59260317,2
59260318,1
59260320,1
59260322,2
59260323,1
59260324,3
59260327,3
59260328,2
59260330,3
59260331,2
59260339,1
59260342,3
59260344,1
59260345,1
59260349,1
59260354,1
59260361,1
59260362,1
59260363,1
59260365,1
59260367,3
59260369,3
59260370,4
59260372,2
59260373,1
59260375,2
59260376,1
59260382,1
59260384,1
59260386,3
59260387,1
59260388,2
59260390,2
59260391,2
59260392,2
59260394,3
59260401,1
59260404,2
59260406,4
59260408,1
59260409,2
59260420,2
59260421,1
59260424,1
59260427,1
59260428,3
59260432,2
59260434,2
59260436,3
59260439,2
59260440,1
59260442,2
59260443,2
59260445,1
59260451,2
59260453,3
59270048,1
59270052,2
59270053,2
59270054,1
59270055,2
59270056,2
59270057,1
59270058,4
59270059,1
59270060,3
59270061,2
59270064,3
59270066,2
59270067,1
59270068,3
59270069,1
59270070,2
59270071,1
59270073,1
59270074,2
59270075,1
59270076,2
59270078,2
59270080,2
59270082,1
59270083,1
59270084,1
59270089,2
59290111,2
59290133,2
59290137,1
59290139,2
59290141,2
59290143,1
59290145,2
59290146,2
59290149,1
59290150,1
59290151,3
59290154,1
59290156,2
59290157,2
59290158,1
59290159,2
59290160,1
59290162,1
59290165,1
59290166,2
59290170,1
59290171,2
59290172,3
59290173,1
59290176,1
59290183,2
59290184,1
59290188,3
59290189,2
59310134,1
59310136,1
59310140,1
59310141,4
59310142,1
59310156,1
59310165,1
59310168,1
59310169,1
59310170,2
59310171,2
59310172,1
59310173,4
59310176,3
59310177,1
59310180,1
59310183,1
59310184,1
59310187,1
59310192,2
59310193,2
59310196,5
59310197,1
59310198,1
59310200,2
59310201,2
59310203,4
59310205,1
59310207,2
59310211,1
59310212,2
59310213,1
59310216,2
59310217,2
59310221,1
59310223,2
59310231,1
59310253,4
59330042,3
59330043,1
59330047,5
59330048,1
59330049,3
59330050,1
59330051,1
59330054,2
59330055,2
59330057,3
59330062,2
59330064,1
59330065,1
59330066,2
59330067,2
59330068,1
59330069,3
59330070,1
59330071,2
59330074,2
59330075,1
59330076,2
59330077,1
59330078,3
59330079,1
59330080,1
59330082,3
59330083,2
59330084,2
59330085,2
59330086,2
59330087,2
59330088,2
59330089,1
59330090,1
59330093,1
59330097,1
59330098,2
59330099,2
59330100,2
59330101,1
59330102,2
59330103,2
59330104,2
59330105,4
59330106,1
59330107,1
59330108,3
59330114,2
59330115,1
59330116,1
59330117,2
59330118,2
59330121,1
59330124,1
59330133,3
59330134,1
59330136,2
59330137,1
59330140,1
59330141,3
59330142,1
59330144,1
59330145,2
59330147,1
59330148,1
59330151,1
59330155,2
59330156,1
59330157,1
59330159,1
59330167,1
59330168,1
59330172,1
59330174,1
59330313,2
59330320,1
59331451,2
59331459,1
59331462,1
59331463,2
59331491,1
59331492,1
59331509,1
59331512,2
59331516,1
59331526,2
59331543,1
59331544,1
59331550,1
59331556,2
59331558,1
59331559,2
59331560,1
59331562,2
59331564,2
59331565,6
59331567,4
59331569,1
59331632,2
59331636,1
59331638,1
59331639,1
59331656,1
59331659,1
59331664,1
59331692,2
59331693,1
59331694,2
59331697,1
59331698,1
59331700,2
59331702,1
59331707,1
59331709,1
59331711,1
59331713,2
59331716,1
59331718,2
59331719,1
59331720,1
59331721,2
59331722,3
59331725,1
59331728,1
59350023,1
59350024,1
59350027,2
59350028,2
59350029,2
59350031,1
59350032,5
59350034,1
59350035,3
59350037,1
59350038,1
59350040,2
59350041,1
59350042,1
59350043,2
59350044,2
59350045,3
59350046,1
59350047,2
59350048,6
59350049,1
59350050,1
59350051,1
59350052,1
59350053,4
59350054,3
59350055,2
59350056,2
59350057,2
59350058,3
59350059,1
59350060,1
59350061,4
59350062,2
59350066,3
59350067,4
59350068,2
59350069,1
59350070,3
59350071,3
59350072,1
59350073,2
59350074,1
59350075,1
59350076,2
59350077,1
59350078,1
59350080,3
59350081,1
59350082,1
59350083,2
59350087,1
59350088,2
59350090,2
59350091,4
59350092,1
59350093,1
59350094,3
59350096,2
59350098,1
59350099,3
59350100,2
59350101,2
59350102,3
59350104,2
59350105,5
59350106,1
59350107,2
59350109,1
59350110,2
59350111,3
59350112,3
59350114,1
59350115,3
59350116,2
59350119,1
59350120,2
59350121,2
59350124,2
59350125,3
59350127,2
59350128,1
59350129,5
59350132,1
59350190,1
59350191,4
59350192,2
59350193,4
59350194,2
59350195,2
59350196,7
59350198,1
59350199,1
59350201,1
59350202,1
59350203,3
59350204,3
59350206,3
59350207,2
59350208,1
59350209,3
59350210,4
59350213,1
59350214,2
59350215,2
59350216,3
59350217,3
59350218,1
59350220,2
59350223,2
59350224,2
59350225,7
59350226,5
59350227,1
59350228,3
59350229,2
59350230,1
59350231,4
59350233,5
59350241,1
59350242,3
59350247,3
59350248,3
59350249,3
59350250,2
59350253,2
59350254,2
59350263,1
59350277,5
59350280,1
59350281,2
59350283,2
59350287,2
59350288,1
59350289,1
59350317,2
59350323,1
59350324,1
59350326,1
59350327,1
59350329,1
59350330,1
59350332,1
59350343,1
59350345,3
59350346,3
59350348,4
59350349,1
59350350,1
59350352,2
59350358,2
59350371,1
59350374,4
59350376,2
59350377,2
59350378,1
59350381,1
59350382,1
59350392,1
59350394,1
59350395,1
59350398,1
59350400,2
59350416,1
59350417,5
59350419,2
59350420,1
59350423,1
59350427,3
59350428,1
59350430,3
59350431,1
59350434,1
59350435,1
59350438,2
59350439,1
59350440,1
59350441,1
59350442,2
59350443,1
59350444,2
59350445,1
59350452,1
59350455,1
59350456,2
59350458,1
59350460,1
59350462,2
59370128,1
59370129,2
59370131,1
59370132,2
59370133,1
59370134,1
59370135,1
59370136,2
59370138,3
59370140,1
59370141,1
59370142,2
59370143,1
59370146,1
59370147,1
59370149,1
59370150,2
59370151,2
59370152,2
59370162,2
59370164,5
59370167,1
59370168,1
59370169,2
59370170,2
59370171,2
59370172,2
59370173,1
59370179,2
59370181,3
59370182,4
59370183,2
59370184,2
59370185,6
59370193,2
59370196,1
59370197,1
59370199,2
59370200,2
59370201,2
59370203,3
59370205,3
59370206,2
59370207,4
59370208,4
59370211,5
59370212,3
59370213,2
59370216,2
59370219,1
59370220,2
59370221,3
59370222,3
59370223,2
59370227,1
59370228,2
59370230,1
59370231,1
59370232,2
59370233,2
59370234,1
59370235,3
59370240,1
59370241,1
59370244,1
59370245,1
59370246,3
59370247,1
59370252,1
59370254,1
59370255,2
59370256,1
59370257,2
59370259,2
59370260,1
59370261,1
59370262,2
59370272,1
59370276,2
59370279,3
59370280,4
59370282,4
59370283,3
59370286,2
59370287,2
59370289,4
59370290,3
59370291,1
59370292,2
59370293,3
59370304,1
59370305,2
59370308,1
59370309,4
59370312,1
59370313,1
59370314,2
59370319,1
59370321,1
59370322,1
59370325,2
59370329,1
59370332,4
59390129,1
59390132,1
59390133,1
59390136,2
59390137,1
59390138,1
59390141,1
59390142,3
59390147,2
59390148,1
59390149,4
59390150,4
59390151,2
59390152,3
59390153,1
59390154,1
59390156,2
59390160,4
59390161,1
59390162,1
59390163,1
59390164,4
59390165,1
59390167,1
59390169,2
59390170,3
59390174,4
59390175,3
59390176,1
59390177,1
59390178,1
59390179,1
59390183,1
59390185,1
59390186,1
59390187,2
59390188,3
59390189,4
59390193,1
59390194,2
59390199,1
59390202,1
59390204,1
59390206,1
59390208,2
59390211,4
59390214,2
59390216,1
59390218,1
59390219,1
59390220,2
59390223,1
59390224,1
59390225,1
59390226,1
59390228,1
59390229,1
59390232,1
59410263,1
59410267,1
59410268,1
59410271,1
59410272,4
59410274,1
59410275,1
59410277,2
59410279,3
59410280,1
59410284,1
59410287,1
59410290,1
59410291,2
59410292,2
59410293,1
59410300,1
59410303,1
59410304,1
59410307,2
59410309,1
59410310,1
59410311,1
59410312,1
59410314,1
59410317,3
59410320,3
59410321,2
59410323,1
59410325,2
59410326,2
59410327,1
59410328,3
59410329,1
59410330,1
59410331,2
59410332,1
59410334,1
59410335,1
59410336,3
59410337,1
59410339,1
59410340,2
59410342,1
59410344,1
59410346,1
59410351,1
59410366,3
59410368,3
59410369,5
59410370,1
59410385,1
59410386,1
59410388,2
59410392,1
59410396,1
59410397,2
59410398,3
59410399,1
59410401,2
59410402,1
59410409,1
59410490,1
59430069,1
59430070,3
59430072,2
59430075,1
59430079,1
59430084,1
59430113,1
59430128,1
59450026,1
59450029,1
59470053,1
59470067,2
59470068,2
59470069,1
59470072,4
59470073,3
59470076,1
59470077,2
59470078,2
59470080,3
59470083,2
59470085,1
59470086,1
59470087,1
59470089,1
59470090,1
59470093,1
59470094,2
59490119,3
59490120,1
59490121,1
59490122,2
59490123,2
59490125,1
59490126,4
59490127,2
59490129,1
59490130,1
59490131,1
59490132,1
59490134,3
59490135,1
59490136,1
59490138,1
59490139,1
59490144,2
59490145,4
59490146,3
59490148,1
59490149,2
59490152,1
59490182,2
59490183,2
59490184,2
59490185,1
59490188,2
59490190,2
59490192,1
59490193,2
59490194,2
59490195,1
59490197,2
59490199,2
59510148,3
59510150,1
59510151,2
59510152,1
59510154,2
59510155,2
59510157,1
59510158,1
59510159,3
59510161,1
59510162,1
59510164,1
59510166,2
59510171,1
59510173,2
59510174,1
59510175,1
59510177,1
59510181,1
59510182,3
59510192,2
59510193,1
59510202,1
59510203,1
59510226,1
59510229,1
59510240,1
59510242,1
59510243,1
59510244,3
59510245,1
59510246,1
59510248,2
59510250,1
59510251,1
59510253,1
59510255,1
59510271,1
59510277,1
59510281,1
59510294,1
59510297,1
59530018,1
59530019,1
59530021,3
59530022,1
59530023,2
59530024,1
59530033,10
59530036,1
59530041,2
59530043,1
59530044,1
59530045,1
59530046,2
59530048,2
59530050,1
59530051,2
59530052,2
59530053,5
59530054,3
59530055,3
59530057,2
59530059,4
59530060,2
59530061,1
59530062,1
59530063,3
59530065,1
59530068,2
59530069,2
59530071,1
59530072,3
59530073,1
59530074,1
59530075,4
59530076,1
59530077,2
59530081,1
59530082,2
59530083,2
59530084,1
59530085,1
59530086,1
59530089,2
59530090,1
59530091,1
59530092,1
59530093,1
59530094,2
59530096,1
59530098,1
59530100,3
59530101,1
59530105,2
59530108,1
59530109,2
59530127,4
59530151,1
59530152,2
59530154,2
59530159,2
59530162,3
59530164,2
59530165,1
59530166,2
59530167,1
59530168,2
59530169,2
59530170,4
59530195,2
59530196,3
59530205,1
59530207,1
59530210,1
59530212,1
59530213,1
59530215,1
59530218,1
59530220,1
59530221,1
59530222,1
59530224,1
59530226,1
59530227,1
59530229,1
59530230,1
59530236,1
59530240,1
59530241,1
59530242,1
59530243,1
59530245,1
59530246,2
59530249,1
59530253,1
59530258,1
59530262,1
59550117,1
59550119,1
59550123,2
59550127,1
59550131,1
59550134,1
59550136,1
59550137,1
59550138,3
59550139,2
59550140,2
59550143,5
59550144,1
59550147,1
59550148,1
59550149,1
59550150,1
59550151,1
59550152,2
59550153,4
59550154,2
59550156,1
59550158,1
59550160,3
59550161,2
59550162,1
59550164,1
59550165,1
59550166,1
59550168,1
59550171,1
59550178,1
59550179,1
59550180,2
59550181,1
59550182,1
59550183,2
59550185,3
59550186,4
59550187,2
59550188,5
59550189,3
59550190,1
59550191,2
59550192,1
59550193,1
59550194,1
59550195,1
59550197,1
59550199,1
59550201,1
59550203,1
59550205,3
59550206,2
59550207,2
59550208,6
59550209,2
59550211,2
59550212,1
59550213,3
59550214,1
59550218,1
59550220,1
59550223,3
59550226,1
59550235,2
59550236,1
59550239,3
59550245,1
59550246,3
59550248,3
59550253,2
59590020,1
59590022,1
59590024,1
59590025,1
